Workbook

Sheet Ana Menyu
A1: ŞİRKƏT ANBAR + SATIŞ SİSTEMİ
A3: Bölmə | B3: Təyinat
A4: Anbar / İdxal | B4: İdxal olunan malların qeydiyyatı və anbara giriş
A5: Satış | B5: Müştərilərə daxili satışlar
A6: Müştərilər | B6: Müştəri kartları və əlaqə məlumatları
A7: Ödənişlər | B7: Daxil olan ödənişlərin uçotu
A8: Borclar | B8: Yalnız daxili uçot üçün müştəri borcları
A9: Proforma | B9: Avtomatik proforma hazırlamaq
A10: Stok | B10: Məhsul qalığı və hərəkəti
A11: Hesabat | B11: Aylıq / illik satış və müştəri hesabatları
A12: İstifadəçilər | B12: Rol və giriş hüquqları
A13: AI / Claude | B13: Yalnız icazəli məlumatlar üzrə sorğular

Sheet Anbar_Idxal
A1: İdxal tarixi | B1: Təchizatçı | C1: Invoice / Proforma № | D1: Gömrük bəyannaməsi № | E1: Mənşə ölkə | F1: Məhsul adı | G1: Məhsul kodu | H1: Miqdar | I1: Vahid | J1: Kg | K1: Vahid qiymət USD | L1: Cəmi USD | M1: Anbara daxil olma tarixi | N1: Lot | O1: Qeyd
L2: =IF(OR(H2="",K2=""),"",H2*K2)
L3: =IF(OR(H3="",K3=""),"",H3*K3)
L4: =IF(OR(H4="",K4=""),"",H4*K4)
L5: =IF(OR(H5="",K5=""),"",H5*K5)
L6: =IF(OR(H6="",K6=""),"",H6*K6)
L7: =IF(OR(H7="",K7=""),"",H7*K7)
L8: =IF(OR(H8="",K8=""),"",H8*K8)
L9: =IF(OR(H9="",K9=""),"",H9*K9)
L10: =IF(OR(H10="",K10=""),"",H10*K10)
L11: =IF(OR(H11="",K11=""),"",H11*K11)
L12: =IF(OR(H12="",K12=""),"",H12*K12)
L13: =IF(OR(H13="",K13=""),"",H13*K13)
... L101: =IF(OR(H101="",K101=""),"",H101*K101)

Sheet Mehsullar
A1: Məhsul kodu | B1: Məhsul adı | C1: Vahid | D1: Standart alış qiyməti USD | E1: Standart satış qiyməti USD | F1: Minimum stok | G1: Aktiv

Sheet Musteriler
A1: Müştəri kodu | B1: Müştəri adı | C1: VÖEN | D1: Telefon | E1: E-mail | F1: Ünvan | G1: Qeyd | H1: Aktiv

Sheet Satislar
A1: Satış № | B1: Tarix | C1: Müştəri kodu | D1: Müştəri adı | E1: Məhsul kodu | F1: Məhsul adı | G1: Miqdar | H1: Vahid | I1: Kg | J1: Vahid satış qiyməti USD | K1: Cəmi USD | L1: Ödənilən USD | M1: Daxili borc USD | N1: Proforma № | O1: Qeyd
K2: =IF(OR(G2="",J2=""),"",G2*J2) | M2: =IF(OR(K2="",L2=""),"",K2-L2)
K3: =IF(OR(G3="",J3=""),"",G3*J3) | M3: =IF(OR(K3="",L3=""),"",K3-L3)
K4: =IF(OR(G4="",J4=""),"",G4*J4) | M4: =IF(OR(K4="",L4=""),"",K4-L4)
K5: =IF(OR(G5="",J5=""),"",G5*J5) | M5: =IF(OR(K5="",L5=""),"",K5-L5)
K6: =IF(OR(G6="",J6=""),"",G6*J6) | M6: =IF(OR(K6="",L6=""),"",K6-L6)
K7: =IF(OR(G7="",J7=""),"",G7*J7) | M7: =IF(OR(K7="",L7=""),"",K7-L7)
K8: =IF(OR(G8="",J8=""),"",G8*J8) | M8: =IF(OR(K8="",L8=""),"",K8-L8)
K9: =IF(OR(G9="",J9=""),"",G9*J9) | M9: =IF(OR(K9="",L9=""),"",K9-L9)
K10: =IF(OR(G10="",J10=""),"",G10*J10) | M10: =IF(OR(K10="",L10=""),"",K10-L10)
K11: =IF(OR(G11="",J11=""),"",G11*J11) | M11: =IF(OR(K11="",L11=""),"",K11-L11)
K12: =IF(OR(G12="",J12=""),"",G12*J12) | M12: =IF(OR(K12="",L12=""),"",K12-L12)
K13: =IF(OR(G13="",J13=""),"",G13*J13) | M13: =IF(OR(K13="",L13=""),"",K13-L13)
... K501: =IF(OR(G501="",J501=""),"",G501*J501) | M501: =IF(OR(K501="",L501=""),"",K501-L501)

Sheet Proforma
A1: Proforma № | B1: Tarix | C1: Müştəri | D1: Məhsul adı | E1: Məhsul kodu | F1: Miqdar | G1: Vahid | H1: Vahid qiymət USD | I1: Cəmi USD
I2: =IF(OR(F2="",H2=""),"",F2*H2)
I3: =IF(OR(F3="",H3=""),"",F3*H3)
I4: =IF(OR(F4="",H4=""),"",F4*H4)
I5: =IF(OR(F5="",H5=""),"",F5*H5)
I6: =IF(OR(F6="",H6=""),"",F6*H6)
I7: =IF(OR(F7="",H7=""),"",F7*H7)
I8: =IF(OR(F8="",H8=""),"",F8*H8)
I9: =IF(OR(F9="",H9=""),"",F9*H9)
I10: =IF(OR(F10="",H10=""),"",F10*H10)
I11: =IF(OR(F11="",H11=""),"",F11*H11)
I12: =IF(OR(F12="",H12=""),"",F12*H12)
I13: =IF(OR(F13="",H13=""),"",F13*H13)
... I501: =IF(OR(F501="",H501=""),"",F501*H501)
A504: QEYD: | B504: Proformada müştərinin daxili borcu və ödəniş balansı göstərilmir.

Sheet Stok
A1: Məhsul kodu | B1: Məhsul adı | C1: Vahid | D1: İdxal miqdarı | E1: Satış miqdarı | F1: Qalıq | G1: Minimum stok | H1: Status
D2: =IF(A2="","",SUMIF(Anbar_Idxal!G:G,A2,Anbar_Idxal!H:H)) | E2: =IF(A2="","",SUMIF(Satislar!E:E,A2,Satislar!G:G)) | F2: =IF(A2="","",D2-E2) | G2: =IFERROR(VLOOKUP(A2,Mehsullar!A:F,6,FALSE),"") | H2: =IF(A2="","",IF(F2<=G2,"AZ STOK","NORMAL"))
D3: =IF(A3="","",SUMIF(Anbar_Idxal!G:G,A3,Anbar_Idxal!H:H)) | E3: =IF(A3="","",SUMIF(Satislar!E:E,A3,Satislar!G:G)) | F3: =IF(A3="","",D3-E3) | G3: =IFERROR(VLOOKUP(A3,Mehsullar!A:F,6,FALSE),"") | H3: =IF(A3="","",IF(F3<=G3,"AZ STOK","NORMAL"))
D4: =IF(A4="","",SUMIF(Anbar_Idxal!G:G,A4,Anbar_Idxal!H:H)) | E4: =IF(A4="","",SUMIF(Satislar!E:E,A4,Satislar!G:G)) | F4: =IF(A4="","",D4-E4) | G4: =IFERROR(VLOOKUP(A4,Mehsullar!A:F,6,FALSE),"") | H4: =IF(A4="","",IF(F4<=G4,"AZ STOK","NORMAL"))
D5: =IF(A5="","",SUMIF(Anbar_Idxal!G:G,A5,Anbar_Idxal!H:H)) | E5: =IF(A5="","",SUMIF(Satislar!E:E,A5,Satislar!G:G)) | F5: =IF(A5="","",D5-E5) | G5: =IFERROR(VLOOKUP(A5,Mehsullar!A:F,6,FALSE),"") | H5: =IF(A5="","",IF(F5<=G5,"AZ STOK","NORMAL"))
D6: =IF(A6="","",SUMIF(Anbar_Idxal!G:G,A6,Anbar_Idxal!H:H)) | E6: =IF(A6="","",SUMIF(Satislar!E:E,A6,Satislar!G:G)) | F6: =IF(A6="","",D6-E6) | G6: =IFERROR(VLOOKUP(A6,Mehsullar!A:F,6,FALSE),"") | H6: =IF(A6="","",IF(F6<=G6,"AZ STOK","NORMAL"))
D7: =IF(A7="","",SUMIF(Anbar_Idxal!G:G,A7,Anbar_Idxal!H:H)) | E7: =IF(A7="","",SUMIF(Satislar!E:E,A7,Satislar!G:G)) | F7: =IF(A7="","",D7-E7) | G7: =IFERROR(VLOOKUP(A7,Mehsullar!A:F,6,FALSE),"") | H7: =IF(A7="","",IF(F7<=G7,"AZ STOK","NORMAL"))
D8: =IF(A8="","",SUMIF(Anbar_Idxal!G:G,A8,Anbar_Idxal!H:H)) | E8: =IF(A8="","",SUMIF(Satislar!E:E,A8,Satislar!G:G)) | F8: =IF(A8="","",D8-E8) | G8: =IFERROR(VLOOKUP(A8,Mehsullar!A:F,6,FALSE),"") | H8: =IF(A8="","",IF(F8<=G8,"AZ STOK","NORMAL"))
D9: =IF(A9="","",SUMIF(Anbar_Idxal!G:G,A9,Anbar_Idxal!H:H)) | E9: =IF(A9="","",SUMIF(Satislar!E:E,A9,Satislar!G:G)) | F9: =IF(A9="","",D9-E9) | G9: =IFERROR(VLOOKUP(A9,Mehsullar!A:F,6,FALSE),"") | H9: =IF(A9="","",IF(F9<=G9,"AZ STOK","NORMAL"))
D10: =IF(A10="","",SUMIF(Anbar_Idxal!G:G,A10,Anbar_Idxal!H:H)) | E10: =IF(A10="","",SUMIF(Satislar!E:E,A10,Satislar!G:G)) | F10: =IF(A10="","",D10-E10) | G10: =IFERROR(VLOOKUP(A10,Mehsullar!A:F,6,FALSE),"") | H10: =IF(A10="","",IF(F10<=G10,"AZ STOK","NORMAL"))
D11: =IF(A11="","",SUMIF(Anbar_Idxal!G:G,A11,Anbar_Idxal!H:H)) | E11: =IF(A11="","",SUMIF(Satislar!E:E,A11,Satislar!G:G)) | F11: =IF(A11="","",D11-E11) | G11: =IFERROR(VLOOKUP(A11,Mehsullar!A:F,6,FALSE),"") | H11: =IF(A11="","",IF(F11<=G11,"AZ STOK","NORMAL"))
D12: =IF(A12="","",SUMIF(Anbar_Idxal!G:G,A12,Anbar_Idxal!H:H)) | E12: =IF(A12="","",SUMIF(Satislar!E:E,A12,Satislar!G:G)) | F12: =IF(A12="","",D12-E12) | G12: =IFERROR(VLOOKUP(A12,Mehsullar!A:F,6,FALSE),"") | H12: =IF(A12="","",IF(F12<=G12,"AZ STOK","NORMAL"))
D13: =IF(A13="","",SUMIF(Anbar_Idxal!G:G,A13,Anbar_Idxal!H:H)) | E13: =IF(A13="","",SUMIF(Satislar!E:E,A13,Satislar!G:G)) | F13: =IF(A13="","",D13-E13) | G13: =IFERROR(VLOOKUP(A13,Mehsullar!A:F,6,FALSE),"") | H13: =IF(A13="","",IF(F13<=G13,"AZ STOK","NORMAL"))
... D501: =IF(A501="","",SUMIF(Anbar_Idxal!G:G,A501,Anbar_Idxal!H:H)) | E501: =IF(A501="","",SUMIF(Satislar!E:E,A501,Satislar!G:G)) | F501: =IF(A501="","",D501-E501) | G501: =IFERROR(VLOOKUP(A501,Mehsullar!A:F,6,FALSE),"") | H501: =IF(A501="","",IF(F501<=G501,"AZ STOK","NORMAL"))

Sheet Hesabat
A1: AYLIQ SATIŞ HESABATI
A3: Ay | B3: 10
A4: İl | B4: 2026
A6: Müştəri | B6: Satış sayı | C6: Miqdar | D6: Kg | E6: Satış USD | F6: Ödənilən USD | G6: Daxili borc USD
A8: Qeyd | B8: Bu v1 prototipində müştəri adları və aylıq nəticələr üçün Satışlar məlumatı istifadə olunur.

Sheet Odenisler
A1: Ödəniş № | B1: Tarix | C1: Müştəri kodu | D1: Müştəri adı | E1: Məbləğ USD | F1: Ödəniş üsulu | G1: Qeyd

Sheet Istifadeciler
A1: İstifadəçi | B1: Rol | C1: Aktiv | D1: Qeyd
B2: Admin
B3: Satış
B4: Anbar
B5: Mühasibat
B6: AI məhdud giriş

Sheet AI_Tehlukesizlik
A1: AI / CLAUDE MƏLUMAT GİRİŞ QAYDASI
A3: 1. AI bütün məlumat bazasına sərbəst giriş almır.
A4: 2. Hər sorğu əvvəlcə istifadəçi və rol üzrə yoxlanılır.
A5: 3. Yalnız sorğu üçün lazım olan minimum məlumat AI-yə ötürülür.
A6: 4. Müştəri borcu, alış qiyməti və digər daxili məlumatlar icazəsiz göstərilmir.
A7: 5. Proforma/Invoice sənədində daxili borc və hesab qalığı göstərilmir.
A8: 6. Bütün AI sorğuları audit jurnalında qeyd edilməlidir.
A9: 7. Real tətbiqdə HTTPS, şifrələnmiş baza, 2FA və API açarlarının təhlükəsiz saxlanması tətbiq edilməlidir.
